RowID,Date,Year,Location,IndicatorName,IndicatorValue,IndicatorID,IndicatorID_old,IndicatorTable
"Miami, FL_B19013H_001E_2007",01/01/2007 12:00:00 AM,2007,"Miami, FL","Median household income in the past 12 months (White Alone, Not Hispanic or Latino Householder)",70911,B19013H_001E,HD01_VD01,"B19013H. Median Household Income (White Alone, Not Hispanic or Latino Householder)"
Tampa. FL_B19013H_001E_2007,01/01/2007 12:00:00 AM,2007,Tampa. FL,"Median household income in the past 12 months (White Alone, Not Hispanic or Latino Householder)",58884,B19013H_001E,HD01_VD01,"B19013H. Median Household Income (White Alone, Not Hispanic or Latino Householder)"
"Atlanta, GA_B19013H_001E_2007",01/01/2007 12:00:00 AM,2007,"Atlanta, GA","Median household income in the past 12 months (White Alone, Not Hispanic or Latino Householder)",79045,B19013H_001E,HD01_VD01,"B19013H. Median Household Income (White Alone, Not Hispanic or Latino Householder)"
"Louisville, KY_B19013H_001E_2007",01/01/2007 12:00:00 AM,2007,"Louisville, KY","Median household income in the past 12 months (White Alone, Not Hispanic or Latino Householder)",46677,B19013H_001E,HD01_VD01,"B19013H. Median Household Income (White Alone, Not Hispanic or Latino Householder)"
"Baton Rouge, LA_B19013H_001E_2007",01/01/2007 12:00:00 AM,2007,"Baton Rouge, LA","Median household income in the past 12 months (White Alone, Not Hispanic or Latino Householder)",47114,B19013H_001E,HD01_VD01,"B19013H. Median Household Income (White Alone, Not Hispanic or Latino Householder)"
"New Orleans, LA_B19013H_001E_2007",01/01/2007 12:00:00 AM,2007,"New Orleans, LA","Median household income in the past 12 months (White Alone, Not Hispanic or Latino Householder)",56622,B19013H_001E,HD01_VD01,"B19013H. Median Household Income (White Alone, Not Hispanic or Latino Householder)"
"Raleigh, NC_B19013H_001E_2007",01/01/2007 12:00:00 AM,2007,"Raleigh, NC","Median household income in the past 12 months (White Alone, Not Hispanic or Latino Householder)",63830,B19013H_001E,HD01_VD01,"B19013H. Median Household Income (White Alone, Not Hispanic or Latino Householder)"
"Oklahoma City, OK_B19013H_001E_2007",01/01/2007 12:00:00 AM,2007,"Oklahoma City, OK","Median household income in the past 12 months (White Alone, Not Hispanic or Latino Householder)",48970,B19013H_001E,HD01_VD01,"B19013H. Median Household Income (White Alone, Not Hispanic or Latino Householder)"
"Memphis, TN_B19013H_001E_2007",01/01/2007 12:00:00 AM,2007,"Memphis, TN","Median household income in the past 12 months (White Alone, Not Hispanic or Latino Householder)",48758,B19013H_001E,HD01_VD01,"B19013H. Median Household Income (White Alone, Not Hispanic or Latino Householder)"
"Nashville, TN_B19013H_001E_2007",01/01/2007 12:00:00 AM,2007,"Nashville, TN","Median household income in the past 12 months (White Alone, Not Hispanic or Latino Householder)",52031,B19013H_001E,HD01_VD01,"B19013H. Median Household Income (White Alone, Not Hispanic or Latino Householder)"
"Miami, FL_B19013H_001E_2008",01/01/2008 12:00:00 AM,2008,"Miami, FL","Median household income in the past 12 months (White Alone, Not Hispanic or Latino Householder)",66339,B19013H_001E,HD01_VD01,"B19013H. Median Household Income (White Alone, Not Hispanic or Latino Householder)"
Tampa. FL_B19013H_001E_2008,01/01/2008 12:00:00 AM,2008,Tampa. FL,"Median household income in the past 12 months (White Alone, Not Hispanic or Latino Householder)",59303,B19013H_001E,HD01_VD01,"B19013H. Median Household Income (White Alone, Not Hispanic or Latino Householder)"
"Atlanta, GA_B19013H_001E_2008",01/01/2008 12:00:00 AM,2008,"Atlanta, GA","Median household income in the past 12 months (White Alone, Not Hispanic or Latino Householder)",89190,B19013H_001E,HD01_VD01,"B19013H. Median Household Income (White Alone, Not Hispanic or Latino Householder)"
"Louisville, KY_B19013H_001E_2008",01/01/2008 12:00:00 AM,2008,"Louisville, KY","Median household income in the past 12 months (White Alone, Not Hispanic or Latino Householder)",50560,B19013H_001E,HD01_VD01,"B19013H. Median Household Income (White Alone, Not Hispanic or Latino Householder)"
"Baton Rouge, LA_B19013H_001E_2008",01/01/2008 12:00:00 AM,2008,"Baton Rouge, LA","Median household income in the past 12 months (White Alone, Not Hispanic or Latino Householder)",50535,B19013H_001E,HD01_VD01,"B19013H. Median Household Income (White Alone, Not Hispanic or Latino Householder)"
"New Orleans, LA_B19013H_001E_2008",01/01/2008 12:00:00 AM,2008,"New Orleans, LA","Median household income in the past 12 months (White Alone, Not Hispanic or Latino Householder)",59687,B19013H_001E,HD01_VD01,"B19013H. Median Household Income (White Alone, Not Hispanic or Latino Householder)"
"Raleigh, NC_B19013H_001E_2008",01/01/2008 12:00:00 AM,2008,"Raleigh, NC","Median household income in the past 12 months (White Alone, Not Hispanic or Latino Householder)",65824,B19013H_001E,HD01_VD01,"B19013H. Median Household Income (White Alone, Not Hispanic or Latino Householder)"
"Oklahoma City, OK_B19013H_001E_2008",01/01/2008 12:00:00 AM,2008,"Oklahoma City, OK","Median household income in the past 12 months (White Alone, Not Hispanic or Latino Householder)",50086,B19013H_001E,HD01_VD01,"B19013H. Median Household Income (White Alone, Not Hispanic or Latino Householder)"
"Memphis, TN_B19013H_001E_2008",01/01/2008 12:00:00 AM,2008,"Memphis, TN","Median household income in the past 12 months (White Alone, Not Hispanic or Latino Householder)",52432,B19013H_001E,HD01_VD01,"B19013H. Median Household Income (White Alone, Not Hispanic or Latino Householder)"
"Nashville, TN_B19013H_001E_2008",01/01/2008 12:00:00 AM,2008,"Nashville, TN","Median household income in the past 12 months (White Alone, Not Hispanic or Latino Householder)",51932,B19013H_001E,HD01_VD01,"B19013H. Median Household Income (White Alone, Not Hispanic or Latino Householder)"
"Miami, FL_B19013H_001E_2009",01/01/2009 12:00:00 AM,2009,"Miami, FL","Median household income in the past 12 months (White Alone, Not Hispanic or Latino Householder)",63161,B19013H_001E,HD01_VD01,"B19013H. Median Household Income (White Alone, Not Hispanic or Latino Householder)"
Tampa. FL_B19013H_001E_2009,01/01/2009 12:00:00 AM,2009,Tampa. FL,"Median household income in the past 12 months (White Alone, Not Hispanic or Latino Householder)",54227,B19013H_001E,HD01_VD01,"B19013H. Median Household Income (White Alone, Not Hispanic or Latino Householder)"
"Atlanta, GA_B19013H_001E_2009",01/01/2009 12:00:00 AM,2009,"Atlanta, GA","Median household income in the past 12 months (White Alone, Not Hispanic or Latino Householder)",86432,B19013H_001E,HD01_VD01,"B19013H. Median Household Income (White Alone, Not Hispanic or Latino Householder)"
"Louisville, KY_B19013H_001E_2009",01/01/2009 12:00:00 AM,2009,"Louisville, KY","Median household income in the past 12 months (White Alone, Not Hispanic or Latino Householder)",47840,B19013H_001E,HD01_VD01,"B19013H. Median Household Income (White Alone, Not Hispanic or Latino Householder)"
"Baton Rouge, LA_B19013H_001E_2009",01/01/2009 12:00:00 AM,2009,"Baton Rouge, LA","Median household income in the past 12 months (White Alone, Not Hispanic or Latino Householder)",54190,B19013H_001E,HD01_VD01,"B19013H. Median Household Income (White Alone, Not Hispanic or Latino Householder)"
"New Orleans, LA_B19013H_001E_2009",01/01/2009 12:00:00 AM,2009,"New Orleans, LA","Median household income in the past 12 months (White Alone, Not Hispanic or Latino Householder)",58088,B19013H_001E,HD01_VD01,"B19013H. Median Household Income (White Alone, Not Hispanic or Latino Householder)"
"Raleigh, NC_B19013H_001E_2009",01/01/2009 12:00:00 AM,2009,"Raleigh, NC","Median household income in the past 12 months (White Alone, Not Hispanic or Latino Householder)",65578,B19013H_001E,HD01_VD01,"B19013H. Median Household Income (White Alone, Not Hispanic or Latino Householder)"
"Oklahoma City, OK_B19013H_001E_2009",01/01/2009 12:00:00 AM,2009,"Oklahoma City, OK","Median household income in the past 12 months (White Alone, Not Hispanic or Latino Householder)",50047,B19013H_001E,HD01_VD01,"B19013H. Median Household Income (White Alone, Not Hispanic or Latino Householder)"
"Memphis, TN_B19013H_001E_2009",01/01/2009 12:00:00 AM,2009,"Memphis, TN","Median household income in the past 12 months (White Alone, Not Hispanic or Latino Householder)",49015,B19013H_001E,HD01_VD01,"B19013H. Median Household Income (White Alone, Not Hispanic or Latino Householder)"
"Nashville, TN_B19013H_001E_2009",01/01/2009 12:00:00 AM,2009,"Nashville, TN","Median household income in the past 12 months (White Alone, Not Hispanic or Latino Householder)",51372,B19013H_001E,HD01_VD01,"B19013H. Median Household Income (White Alone, Not Hispanic or Latino Householder)"
"Miami, FL_B19013H_001E_2010",01/01/2010 12:00:00 AM,2010,"Miami, FL","Median household income in the past 12 months (White Alone, Not Hispanic or Latino Householder)",62259,B19013H_001E,HD01_VD01,"B19013H. Median Household Income (White Alone, Not Hispanic or Latino Householder)"
Tampa. FL_B19013H_001E_2010,01/01/2010 12:00:00 AM,2010,Tampa. FL,"Median household income in the past 12 months (White Alone, Not Hispanic or Latino Householder)",55979,B19013H_001E,HD01_VD01,"B19013H. Median Household Income (White Alone, Not Hispanic or Latino Householder)"
"Atlanta, GA_B19013H_001E_2010",01/01/2010 12:00:00 AM,2010,"Atlanta, GA","Median household income in the past 12 months (White Alone, Not Hispanic or Latino Householder)",78842,B19013H_001E,HD01_VD01,"B19013H. Median Household Income (White Alone, Not Hispanic or Latino Householder)"
"Louisville, KY_B19013H_001E_2010",01/01/2010 12:00:00 AM,2010,"Louisville, KY","Median household income in the past 12 months (White Alone, Not Hispanic or Latino Householder)",47151,B19013H_001E,HD01_VD01,"B19013H. Median Household Income (White Alone, Not Hispanic or Latino Householder)"
"Baton Rouge, LA_B19013H_001E_2010",01/01/2010 12:00:00 AM,2010,"Baton Rouge, LA","Median household income in the past 12 months (White Alone, Not Hispanic or Latino Householder)",47724,B19013H_001E,HD01_VD01,"B19013H. Median Household Income (White Alone, Not Hispanic or Latino Householder)"
"New Orleans, LA_B19013H_001E_2010",01/01/2010 12:00:00 AM,2010,"New Orleans, LA","Median household income in the past 12 months (White Alone, Not Hispanic or Latino Householder)",57031,B19013H_001E,HD01_VD01,"B19013H. Median Household Income (White Alone, Not Hispanic or Latino Householder)"
"Raleigh, NC_B19013H_001E_2010",01/01/2010 12:00:00 AM,2010,"Raleigh, NC","Median household income in the past 12 months (White Alone, Not Hispanic or Latino Householder)",61025,B19013H_001E,HD01_VD01,"B19013H. Median Household Income (White Alone, Not Hispanic or Latino Householder)"
"Oklahoma City, OK_B19013H_001E_2010",01/01/2010 12:00:00 AM,2010,"Oklahoma City, OK","Median household income in the past 12 months (White Alone, Not Hispanic or Latino Householder)",49898,B19013H_001E,HD01_VD01,"B19013H. Median Household Income (White Alone, Not Hispanic or Latino Householder)"
"Memphis, TN_B19013H_001E_2010",01/01/2010 12:00:00 AM,2010,"Memphis, TN","Median household income in the past 12 months (White Alone, Not Hispanic or Latino Householder)",53216,B19013H_001E,HD01_VD01,"B19013H. Median Household Income (White Alone, Not Hispanic or Latino Householder)"
"Nashville, TN_B19013H_001E_2010",01/01/2010 12:00:00 AM,2010,"Nashville, TN","Median household income in the past 12 months (White Alone, Not Hispanic or Latino Householder)",48886,B19013H_001E,HD01_VD01,"B19013H. Median Household Income (White Alone, Not Hispanic or Latino Householder)"
"Miami, FL_B19013H_001E_2011",01/01/2011 12:00:00 AM,2011,"Miami, FL","Median household income in the past 12 months (White Alone, Not Hispanic or Latino Householder)",61022,B19013H_001E,HD01_VD01,"B19013H. Median Household Income (White Alone, Not Hispanic or Latino Householder)"
Tampa. FL_B19013H_001E_2011,01/01/2011 12:00:00 AM,2011,Tampa. FL,"Median household income in the past 12 months (White Alone, Not Hispanic or Latino Householder)",56008,B19013H_001E,HD01_VD01,"B19013H. Median Household Income (White Alone, Not Hispanic or Latino Householder)"
"Atlanta, GA_B19013H_001E_2011",01/01/2011 12:00:00 AM,2011,"Atlanta, GA","Median household income in the past 12 months (White Alone, Not Hispanic or Latino Householder)",80667,B19013H_001E,HD01_VD01,"B19013H. Median Household Income (White Alone, Not Hispanic or Latino Householder)"
"Louisville, KY_B19013H_001E_2011",01/01/2011 12:00:00 AM,2011,"Louisville, KY","Median household income in the past 12 months (White Alone, Not Hispanic or Latino Householder)",48667,B19013H_001E,HD01_VD01,"B19013H. Median Household Income (White Alone, Not Hispanic or Latino Householder)"
"Baton Rouge, LA_B19013H_001E_2011",01/01/2011 12:00:00 AM,2011,"Baton Rouge, LA","Median household income in the past 12 months (White Alone, Not Hispanic or Latino Householder)",57080,B19013H_001E,HD01_VD01,"B19013H. Median Household Income (White Alone, Not Hispanic or Latino Householder)"
"New Orleans, LA_B19013H_001E_2011",01/01/2011 12:00:00 AM,2011,"New Orleans, LA","Median household income in the past 12 months (White Alone, Not Hispanic or Latino Householder)",61556,B19013H_001E,HD01_VD01,"B19013H. Median Household Income (White Alone, Not Hispanic or Latino Householder)"
"Raleigh, NC_B19013H_001E_2011",01/01/2011 12:00:00 AM,2011,"Raleigh, NC","Median household income in the past 12 months (White Alone, Not Hispanic or Latino Householder)",64770,B19013H_001E,HD01_VD01,"B19013H. Median Household Income (White Alone, Not Hispanic or Latino Householder)"
"Oklahoma City, OK_B19013H_001E_2011",01/01/2011 12:00:00 AM,2011,"Oklahoma City, OK","Median household income in the past 12 months (White Alone, Not Hispanic or Latino Householder)",49779,B19013H_001E,HD01_VD01,"B19013H. Median Household Income (White Alone, Not Hispanic or Latino Householder)"
"Memphis, TN_B19013H_001E_2011",01/01/2011 12:00:00 AM,2011,"Memphis, TN","Median household income in the past 12 months (White Alone, Not Hispanic or Latino Householder)",51361,B19013H_001E,HD01_VD01,"B19013H. Median Household Income (White Alone, Not Hispanic or Latino Householder)"
"Nashville, TN_B19013H_001E_2011",01/01/2011 12:00:00 AM,2011,"Nashville, TN","Median household income in the past 12 months (White Alone, Not Hispanic or Latino Householder)",50547,B19013H_001E,HD01_VD01,"B19013H. Median Household Income (White Alone, Not Hispanic or Latino Householder)"
"Miami, FL_B19013B_001E_2007",01/01/2007 12:00:00 AM,2007,"Miami, FL",Median household income in the past 12 months (Black or African American Alone Householder),22190,B19013B_001E,HD01_VD01,B19013B. Median Household Income (Black or African American Alone Householder)
Tampa. FL_B19013B_001E_2007,01/01/2007 12:00:00 AM,2007,Tampa. FL,Median household income in the past 12 months (Black or African American Alone Householder),30069,B19013B_001E,HD01_VD01,B19013B. Median Household Income (Black or African American Alone Householder)
"Atlanta, GA_B19013B_001E_2007",01/01/2007 12:00:00 AM,2007,"Atlanta, GA",Median household income in the past 12 months (Black or African American Alone Householder),28984,B19013B_001E,HD01_VD01,B19013B. Median Household Income (Black or African American Alone Householder)
"Louisville, KY_B19013B_001E_2007",01/01/2007 12:00:00 AM,2007,"Louisville, KY",Median household income in the past 12 months (Black or African American Alone Householder),24236,B19013B_001E,HD01_VD01,B19013B. Median Household Income (Black or African American Alone Householder)
"Baton Rouge, LA_B19013B_001E_2007",01/01/2007 12:00:00 AM,2007,"Baton Rouge, LA",Median household income in the past 12 months (Black or African American Alone Householder),25949,B19013B_001E,HD01_VD01,B19013B. Median Household Income (Black or African American Alone Householder)
"New Orleans, LA_B19013B_001E_2007",01/01/2007 12:00:00 AM,2007,"New Orleans, LA",Median household income in the past 12 months (Black or African American Alone Householder),27460,B19013B_001E,HD01_VD01,B19013B. Median Household Income (Black or African American Alone Householder)
"Raleigh, NC_B19013B_001E_2007",01/01/2007 12:00:00 AM,2007,"Raleigh, NC",Median household income in the past 12 months (Black or African American Alone Householder),34297,B19013B_001E,HD01_VD01,B19013B. Median Household Income (Black or African American Alone Householder)
"Oklahoma City, OK_B19013B_001E_2007",01/01/2007 12:00:00 AM,2007,"Oklahoma City, OK",Median household income in the past 12 months (Black or African American Alone Householder),28804,B19013B_001E,HD01_VD01,B19013B. Median Household Income (Black or African American Alone Householder)
"Memphis, TN_B19013B_001E_2007",01/01/2007 12:00:00 AM,2007,"Memphis, TN",Median household income in the past 12 months (Black or African American Alone Householder),28245,B19013B_001E,HD01_VD01,B19013B. Median Household Income (Black or African American Alone Householder)
"Nashville, TN_B19013B_001E_2007",01/01/2007 12:00:00 AM,2007,"Nashville, TN",Median household income in the past 12 months (Black or African American Alone Householder),31875,B19013B_001E,HD01_VD01,B19013B. Median Household Income (Black or African American Alone Householder)
"Miami, FL_B19013B_001E_2008",01/01/2008 12:00:00 AM,2008,"Miami, FL",Median household income in the past 12 months (Black or African American Alone Householder),23812,B19013B_001E,HD01_VD01,B19013B. Median Household Income (Black or African American Alone Householder)
Tampa. FL_B19013B_001E_2008,01/01/2008 12:00:00 AM,2008,Tampa. FL,Median household income in the past 12 months (Black or African American Alone Householder),30678,B19013B_001E,HD01_VD01,B19013B. Median Household Income (Black or African American Alone Householder)
"Atlanta, GA_B19013B_001E_2008",01/01/2008 12:00:00 AM,2008,"Atlanta, GA",Median household income in the past 12 months (Black or African American Alone Householder),29033,B19013B_001E,HD01_VD01,B19013B. Median Household Income (Black or African American Alone Householder)
"Louisville, KY_B19013B_001E_2008",01/01/2008 12:00:00 AM,2008,"Louisville, KY",Median household income in the past 12 months (Black or African American Alone Householder),26157,B19013B_001E,HD01_VD01,B19013B. Median Household Income (Black or African American Alone Householder)
"Baton Rouge, LA_B19013B_001E_2008",01/01/2008 12:00:00 AM,2008,"Baton Rouge, LA",Median household income in the past 12 months (Black or African American Alone Householder),28996,B19013B_001E,HD01_VD01,B19013B. Median Household Income (Black or African American Alone Householder)
"New Orleans, LA_B19013B_001E_2008",01/01/2008 12:00:00 AM,2008,"New Orleans, LA",Median household income in the past 12 months (Black or African American Alone Householder),27021,B19013B_001E,HD01_VD01,B19013B. Median Household Income (Black or African American Alone Householder)
"Raleigh, NC_B19013B_001E_2008",01/01/2008 12:00:00 AM,2008,"Raleigh, NC",Median household income in the past 12 months (Black or African American Alone Householder),38072,B19013B_001E,HD01_VD01,B19013B. Median Household Income (Black or African American Alone Householder)
"Oklahoma City, OK_B19013B_001E_2008",01/01/2008 12:00:00 AM,2008,"Oklahoma City, OK",Median household income in the past 12 months (Black or African American Alone Householder),30268,B19013B_001E,HD01_VD01,B19013B. Median Household Income (Black or African American Alone Householder)
"Memphis, TN_B19013B_001E_2008",01/01/2008 12:00:00 AM,2008,"Memphis, TN",Median household income in the past 12 months (Black or African American Alone Householder),30806,B19013B_001E,HD01_VD01,B19013B. Median Household Income (Black or African American Alone Householder)
"Nashville, TN_B19013B_001E_2008",01/01/2008 12:00:00 AM,2008,"Nashville, TN",Median household income in the past 12 months (Black or African American Alone Householder),34857,B19013B_001E,HD01_VD01,B19013B. Median Household Income (Black or African American Alone Householder)
"Miami, FL_B19013B_001E_2009",01/01/2009 12:00:00 AM,2009,"Miami, FL",Median household income in the past 12 months (Black or African American Alone Householder),18489,B19013B_001E,HD01_VD01,B19013B. Median Household Income (Black or African American Alone Householder)
Tampa. FL_B19013B_001E_2009,01/01/2009 12:00:00 AM,2009,Tampa. FL,Median household income in the past 12 months (Black or African American Alone Householder),27300,B19013B_001E,HD01_VD01,B19013B. Median Household Income (Black or African American Alone Householder)
"Atlanta, GA_B19013B_001E_2009",01/01/2009 12:00:00 AM,2009,"Atlanta, GA",Median household income in the past 12 months (Black or African American Alone Householder),25092,B19013B_001E,HD01_VD01,B19013B. Median Household Income (Black or African American Alone Householder)
"Louisville, KY_B19013B_001E_2009",01/01/2009 12:00:00 AM,2009,"Louisville, KY",Median household income in the past 12 months (Black or African American Alone Householder),25745,B19013B_001E,HD01_VD01,B19013B. Median Household Income (Black or African American Alone Householder)
"Baton Rouge, LA_B19013B_001E_2009",01/01/2009 12:00:00 AM,2009,"Baton Rouge, LA",Median household income in the past 12 months (Black or African American Alone Householder),26026,B19013B_001E,HD01_VD01,B19013B. Median Household Income (Black or African American Alone Householder)
"New Orleans, LA_B19013B_001E_2009",01/01/2009 12:00:00 AM,2009,"New Orleans, LA",Median household income in the past 12 months (Black or African American Alone Householder),26234,B19013B_001E,HD01_VD01,B19013B. Median Household Income (Black or African American Alone Householder)
"Raleigh, NC_B19013B_001E_2009",01/01/2009 12:00:00 AM,2009,"Raleigh, NC",Median household income in the past 12 months (Black or African American Alone Householder),39278,B19013B_001E,HD01_VD01,B19013B. Median Household Income (Black or African American Alone Householder)
"Oklahoma City, OK_B19013B_001E_2009",01/01/2009 12:00:00 AM,2009,"Oklahoma City, OK",Median household income in the past 12 months (Black or African American Alone Householder),26432,B19013B_001E,HD01_VD01,B19013B. Median Household Income (Black or African American Alone Householder)
"Memphis, TN_B19013B_001E_2009",01/01/2009 12:00:00 AM,2009,"Memphis, TN",Median household income in the past 12 months (Black or African American Alone Householder),27569,B19013B_001E,HD01_VD01,B19013B. Median Household Income (Black or African American Alone Householder)
"Nashville, TN_B19013B_001E_2009",01/01/2009 12:00:00 AM,2009,"Nashville, TN",Median household income in the past 12 months (Black or African American Alone Householder),32595,B19013B_001E,HD01_VD01,B19013B. Median Household Income (Black or African American Alone Householder)
Tampa. FL_B19013_001E_2007,01/01/2007 12:00:00 AM,2007,Tampa. FL,Median household income in the past 12 months (All householders),58884,B19013_001E,HD01_VD01,B19013. Median Household Income
"Miami, FL_B19013B_001E_2010",01/01/2010 12:00:00 AM,2010,"Miami, FL",Median household income in the past 12 months (Black or African American Alone Householder),19476,B19013B_001E,HD01_VD01,B19013B. Median Household Income (Black or African American Alone Householder)
Tampa. FL_B19013B_001E_2010,01/01/2010 12:00:00 AM,2010,Tampa. FL,Median household income in the past 12 months (Black or African American Alone Householder),25867,B19013B_001E,HD01_VD01,B19013B. Median Household Income (Black or African American Alone Householder)
"Atlanta, GA_B19013B_001E_2010",01/01/2010 12:00:00 AM,2010,"Atlanta, GA",Median household income in the past 12 months (Black or African American Alone Householder),23692,B19013B_001E,HD01_VD01,B19013B. Median Household Income (Black or African American Alone Householder)
"Louisville, KY_B19013B_001E_2010",01/01/2010 12:00:00 AM,2010,"Louisville, KY",Median household income in the past 12 months (Black or African American Alone Householder),26437,B19013B_001E,HD01_VD01,B19013B. Median Household Income (Black or African American Alone Householder)
"Baton Rouge, LA_B19013B_001E_2010",01/01/2010 12:00:00 AM,2010,"Baton Rouge, LA",Median household income in the past 12 months (Black or African American Alone Householder),25760,B19013B_001E,HD01_VD01,B19013B. Median Household Income (Black or African American Alone Householder)
"New Orleans, LA_B19013B_001E_2010",01/01/2010 12:00:00 AM,2010,"New Orleans, LA",Median household income in the past 12 months (Black or African American Alone Householder),26910,B19013B_001E,HD01_VD01,B19013B. Median Household Income (Black or African American Alone Householder)
"Raleigh, NC_B19013B_001E_2010",01/01/2010 12:00:00 AM,2010,"Raleigh, NC",Median household income in the past 12 months (Black or African American Alone Householder),38075,B19013B_001E,HD01_VD01,B19013B. Median Household Income (Black or African American Alone Householder)
"Oklahoma City, OK_B19013B_001E_2010",01/01/2010 12:00:00 AM,2010,"Oklahoma City, OK",Median household income in the past 12 months (Black or African American Alone Householder),31394,B19013B_001E,HD01_VD01,B19013B. Median Household Income (Black or African American Alone Householder)
"Memphis, TN_B19013B_001E_2010",01/01/2010 12:00:00 AM,2010,"Memphis, TN",Median household income in the past 12 months (Black or African American Alone Householder),31189,B19013B_001E,HD01_VD01,B19013B. Median Household Income (Black or African American Alone Householder)
"Nashville, TN_B19013B_001E_2010",01/01/2010 12:00:00 AM,2010,"Nashville, TN",Median household income in the past 12 months (Black or African American Alone Householder),30742,B19013B_001E,HD01_VD01,B19013B. Median Household Income (Black or African American Alone Householder)
"Miami, FL_B19013B_001E_2011",01/01/2011 12:00:00 AM,2011,"Miami, FL",Median household income in the past 12 months (Black or African American Alone Householder),19185,B19013B_001E,HD01_VD01,B19013B. Median Household Income (Black or African American Alone Householder)
Tampa. FL_B19013B_001E_2011,01/01/2011 12:00:00 AM,2011,Tampa. FL,Median household income in the past 12 months (Black or African American Alone Householder),25504,B19013B_001E,HD01_VD01,B19013B. Median Household Income (Black or African American Alone Householder)
"Atlanta, GA_B19013B_001E_2011",01/01/2011 12:00:00 AM,2011,"Atlanta, GA",Median household income in the past 12 months (Black or African American Alone Householder),26075,B19013B_001E,HD01_VD01,B19013B. Median Household Income (Black or African American Alone Householder)
"Louisville, KY_B19013B_001E_2011",01/01/2011 12:00:00 AM,2011,"Louisville, KY",Median household income in the past 12 months (Black or African American Alone Householder),25717,B19013B_001E,HD01_VD01,B19013B. Median Household Income (Black or African American Alone Householder)
"Baton Rouge, LA_B19013B_001E_2011",01/01/2011 12:00:00 AM,2011,"Baton Rouge, LA",Median household income in the past 12 months (Black or African American Alone Householder),27117,B19013B_001E,HD01_VD01,B19013B. Median Household Income (Black or African American Alone Householder)
"New Orleans, LA_B19013B_001E_2011",01/01/2011 12:00:00 AM,2011,"New Orleans, LA",Median household income in the past 12 months (Black or African American Alone Householder),24385,B19013B_001E,HD01_VD01,B19013B. Median Household Income (Black or African American Alone Householder)
"Raleigh, NC_B19013B_001E_2011",01/01/2011 12:00:00 AM,2011,"Raleigh, NC",Median household income in the past 12 months (Black or African American Alone Householder),42404,B19013B_001E,HD01_VD01,B19013B. Median Household Income (Black or African American Alone Householder)
"Oklahoma City, OK_B19013B_001E_2011",01/01/2011 12:00:00 AM,2011,"Oklahoma City, OK",Median household income in the past 12 months (Black or African American Alone Householder),29054,B19013B_001E,HD01_VD01,B19013B. Median Household Income (Black or African American Alone Householder)
"Memphis, TN_B19013B_001E_2011",01/01/2011 12:00:00 AM,2011,"Memphis, TN",Median household income in the past 12 months (Black or African American Alone Householder),28093,B19013B_001E,HD01_VD01,B19013B. Median Household Income (Black or African American Alone Householder)
"Nashville, TN_B19013B_001E_2011",01/01/2011 12:00:00 AM,2011,"Nashville, TN",Median household income in the past 12 months (Black or African American Alone Householder),29359,B19013B_001E,HD01_VD01,B19013B. Median Household Income (Black or African American Alone Householder)
"Miami, FL_B19013_001E_2007",01/01/2007 12:00:00 AM,2007,"Miami, FL",Median household income in the past 12 months (All householders),70911,B19013_001E,HD01_VD01,B19013. Median Household Income
"Atlanta, GA_B19013_001E_2007",01/01/2007 12:00:00 AM,2007,"Atlanta, GA",Median household income in the past 12 months (All householders),79045,B19013_001E,HD01_VD01,B19013. Median Household Income
"Louisville, KY_B19013_001E_2007",01/01/2007 12:00:00 AM,2007,"Louisville, KY",Median household income in the past 12 months (All householders),46677,B19013_001E,HD01_VD01,B19013. Median Household Income
"Baton Rouge, LA_B19013_001E_2007",01/01/2007 12:00:00 AM,2007,"Baton Rouge, LA",Median household income in the past 12 months (All householders),47114,B19013_001E,HD01_VD01,B19013. Median Household Income
"Raleigh, NC_B19013_001E_2007",01/01/2007 12:00:00 AM,2007,"Raleigh, NC",Median household income in the past 12 months (All householders),63830,B19013_001E,HD01_VD01,B19013. Median Household Income
"Oklahoma City, OK_B19013_001E_2007",01/01/2007 12:00:00 AM,2007,"Oklahoma City, OK",Median household income in the past 12 months (All householders),48970,B19013_001E,HD01_VD01,B19013. Median Household Income
"Memphis, TN_B19013_001E_2007",01/01/2007 12:00:00 AM,2007,"Memphis, TN",Median household income in the past 12 months (All householders),48758,B19013_001E,HD01_VD01,B19013. Median Household Income
"Nashville, TN_B19013_001E_2007",01/01/2007 12:00:00 AM,2007,"Nashville, TN",Median household income in the past 12 months (All householders),52031,B19013_001E,HD01_VD01,B19013. Median Household Income
"Miami, FL_B19013_001E_2008",01/01/2008 12:00:00 AM,2008,"Miami, FL",Median household income in the past 12 months (All householders),28333,B19013_001E,HD01_VD01,B19013. Median Household Income
Tampa. FL_B19013_001E_2008,01/01/2008 12:00:00 AM,2008,Tampa. FL,Median household income in the past 12 months (All householders),45224,B19013_001E,HD01_VD01,B19013. Median Household Income
"Atlanta, GA_B19013_001E_2008",01/01/2008 12:00:00 AM,2008,"Atlanta, GA",Median household income in the past 12 months (All householders),48865,B19013_001E,HD01_VD01,B19013. Median Household Income
"Louisville, KY_B19013_001E_2008",01/01/2008 12:00:00 AM,2008,"Louisville, KY",Median household income in the past 12 months (All householders),44254,B19013_001E,HD01_VD01,B19013. Median Household Income
"Baton Rouge, LA_B19013_001E_2008",01/01/2008 12:00:00 AM,2008,"Baton Rouge, LA",Median household income in the past 12 months (All householders),37869,B19013_001E,HD01_VD01,B19013. Median Household Income
"New Orleans, LA_B19013_001E_2008",01/01/2008 12:00:00 AM,2008,"New Orleans, LA",Median household income in the past 12 months (All householders),37751,B19013_001E,HD01_VD01,B19013. Median Household Income
"Raleigh, NC_B19013_001E_2008",01/01/2008 12:00:00 AM,2008,"Raleigh, NC",Median household income in the past 12 months (All householders),53825,B19013_001E,HD01_VD01,B19013. Median Household Income
"Oklahoma City, OK_B19013_001E_2008",01/01/2008 12:00:00 AM,2008,"Oklahoma City, OK",Median household income in the past 12 months (All householders),43821,B19013_001E,HD01_VD01,B19013. Median Household Income
"Memphis, TN_B19013_001E_2008",01/01/2008 12:00:00 AM,2008,"Memphis, TN",Median household income in the past 12 months (All householders),37207,B19013_001E,HD01_VD01,B19013. Median Household Income
"Nashville, TN_B19013_001E_2008",01/01/2008 12:00:00 AM,2008,"Nashville, TN",Median household income in the past 12 months (All householders),45587,B19013_001E,HD01_VD01,B19013. Median Household Income
"Miami, FL_B19013_001E_2009",01/01/2009 12:00:00 AM,2009,"Miami, FL",Median household income in the past 12 months (All householders),28999,B19013_001E,HD01_VD01,B19013. Median Household Income
Tampa. FL_B19013_001E_2009,01/01/2009 12:00:00 AM,2009,Tampa. FL,Median household income in the past 12 months (All householders),41605,B19013_001E,HD01_VD01,B19013. Median Household Income
"Atlanta, GA_B19013_001E_2009",01/01/2009 12:00:00 AM,2009,"Atlanta, GA",Median household income in the past 12 months (All householders),49981,B19013_001E,HD01_VD01,B19013. Median Household Income
"Louisville, KY_B19013_001E_2009",01/01/2009 12:00:00 AM,2009,"Louisville, KY",Median household income in the past 12 months (All householders),41445,B19013_001E,HD01_VD01,B19013. Median Household Income
"Baton Rouge, LA_B19013_001E_2009",01/01/2009 12:00:00 AM,2009,"Baton Rouge, LA",Median household income in the past 12 months (All householders),36917,B19013_001E,HD01_VD01,B19013. Median Household Income
"New Orleans, LA_B19013_001E_2009",01/01/2009 12:00:00 AM,2009,"New Orleans, LA",Median household income in the past 12 months (All householders),36468,B19013_001E,HD01_VD01,B19013. Median Household Income
"Raleigh, NC_B19013_001E_2009",01/01/2009 12:00:00 AM,2009,"Raleigh, NC",Median household income in the past 12 months (All householders),51969,B19013_001E,HD01_VD01,B19013. Median Household Income
"Oklahoma City, OK_B19013_001E_2009",01/01/2009 12:00:00 AM,2009,"Oklahoma City, OK",Median household income in the past 12 months (All householders),41411,B19013_001E,HD01_VD01,B19013. Median Household Income
"Memphis, TN_B19013_001E_2009",01/01/2009 12:00:00 AM,2009,"Memphis, TN",Median household income in the past 12 months (All householders),34203,B19013_001E,HD01_VD01,B19013. Median Household Income
"Nashville, TN_B19013_001E_2009",01/01/2009 12:00:00 AM,2009,"Nashville, TN",Median household income in the past 12 months (All householders),45540,B19013_001E,HD01_VD01,B19013. Median Household Income
"Miami, FL_B19013_001E_2010",01/01/2010 12:00:00 AM,2010,"Miami, FL",Median household income in the past 12 months (All householders),27291,B19013_001E,HD01_VD01,B19013. Median Household Income
Tampa. FL_B19013_001E_2010,01/01/2010 12:00:00 AM,2010,Tampa. FL,Median household income in the past 12 months (All householders),40883,B19013_001E,HD01_VD01,B19013. Median Household Income
"Atlanta, GA_B19013_001E_2010",01/01/2010 12:00:00 AM,2010,"Atlanta, GA",Median household income in the past 12 months (All householders),41631,B19013_001E,HD01_VD01,B19013. Median Household Income
"Louisville, KY_B19013_001E_2010",01/01/2010 12:00:00 AM,2010,"Louisville, KY",Median household income in the past 12 months (All householders),40730,B19013_001E,HD01_VD01,B19013. Median Household Income
"Baton Rouge, LA_B19013_001E_2010",01/01/2010 12:00:00 AM,2010,"Baton Rouge, LA",Median household income in the past 12 months (All householders),33748,B19013_001E,HD01_VD01,B19013. Median Household Income
"New Orleans, LA_B19013_001E_2010",01/01/2010 12:00:00 AM,2010,"New Orleans, LA",Median household income in the past 12 months (All householders),37726,B19013_001E,HD01_VD01,B19013. Median Household Income
"Raleigh, NC_B19013_001E_2010",01/01/2010 12:00:00 AM,2010,"Raleigh, NC",Median household income in the past 12 months (All householders),49931,B19013_001E,HD01_VD01,B19013. Median Household Income
"Oklahoma City, OK_B19013_001E_2010",01/01/2010 12:00:00 AM,2010,"Oklahoma City, OK",Median household income in the past 12 months (All householders),44043,B19013_001E,HD01_VD01,B19013. Median Household Income
"Memphis, TN_B19013_001E_2010",01/01/2010 12:00:00 AM,2010,"Memphis, TN",Median household income in the past 12 months (All householders),37045,B19013_001E,HD01_VD01,B19013. Median Household Income
"Nashville, TN_B19013_001E_2010",01/01/2010 12:00:00 AM,2010,"Nashville, TN",Median household income in the past 12 months (All householders),42813,B19013_001E,HD01_VD01,B19013. Median Household Income
"Miami, FL_B19013_001E_2011",01/01/2011 12:00:00 AM,2011,"Miami, FL",Median household income in the past 12 months (All householders),28536,B19013_001E,HD01_VD01,B19013. Median Household Income
Tampa. FL_B19013_001E_2011,01/01/2011 12:00:00 AM,2011,Tampa. FL,Median household income in the past 12 months (All householders),40073,B19013_001E,HD01_VD01,B19013. Median Household Income
"Atlanta, GA_B19013_001E_2011",01/01/2011 12:00:00 AM,2011,"Atlanta, GA",Median household income in the past 12 months (All householders),43903,B19013_001E,HD01_VD01,B19013. Median Household Income
"Louisville, KY_B19013_001E_2011",01/01/2011 12:00:00 AM,2011,"Louisville, KY",Median household income in the past 12 months (All householders),42019,B19013_001E,HD01_VD01,B19013. Median Household Income
"Baton Rouge, LA_B19013_001E_2011",01/01/2011 12:00:00 AM,2011,"Baton Rouge, LA",Median household income in the past 12 months (All householders),36894,B19013_001E,HD01_VD01,B19013. Median Household Income
"New Orleans, LA_B19013_001E_2011",01/01/2011 12:00:00 AM,2011,"New Orleans, LA",Median household income in the past 12 months (All householders),35041,B19013_001E,HD01_VD01,B19013. Median Household Income
"Raleigh, NC_B19013_001E_2011",01/01/2011 12:00:00 AM,2011,"Raleigh, NC",Median household income in the past 12 months (All householders),52040,B19013_001E,HD01_VD01,B19013. Median Household Income
"Oklahoma City, OK_B19013_001E_2011",01/01/2011 12:00:00 AM,2011,"Oklahoma City, OK",Median household income in the past 12 months (All householders),42995,B19013_001E,HD01_VD01,B19013. Median Household Income
"Memphis, TN_B19013_001E_2011",01/01/2011 12:00:00 AM,2011,"Memphis, TN",Median household income in the past 12 months (All householders),34960,B19013_001E,HD01_VD01,B19013. Median Household Income
"Nashville, TN_B19013_001E_2011",01/01/2011 12:00:00 AM,2011,"Nashville, TN",Median household income in the past 12 months (All householders),42639,B19013_001E,HD01_VD01,B19013. Median Household Income
Benchmark Average_B19013_001E_2007,01/01/2007 12:00:00 AM,2007,Benchmark Average,Median household income in the past 12 months (All householders),57358,B19013_001E,HD01_VD01,B19013. Median Household Income
Benchmark Average_B19013_001E_2008,01/01/2008 12:00:00 AM,2008,Benchmark Average,Median household income in the past 12 months (All householders),42776,B19013_001E,HD01_VD01,B19013. Median Household Income
Benchmark Average_B19013_001E_2010,01/01/2010 12:00:00 AM,2010,Benchmark Average,Median household income in the past 12 months (All householders),39791,B19013_001E,HD01_VD01,B19013. Median Household Income
Benchmark Average_B19013_001E_2009,01/01/2009 12:00:00 AM,2009,Benchmark Average,Median household income in the past 12 months (All householders),41341,B19013_001E,HD01_VD01,B19013. Median Household Income
Benchmark Average_B19013_001E_2011,01/01/2011 12:00:00 AM,2011,Benchmark Average,Median household income in the past 12 months (All householders),40451,B19013_001E,HD01_VD01,B19013. Median Household Income
Benchmark Average_B19013B_001E_2011,01/01/2011 12:00:00 AM,2011,Benchmark Average,Median household income in the past 12 months (Black or African American Alone Householder),28056,B19013B_001E,HD01_VD01,B19013B. Median Household Income (Black or African American Alone Householder)
Benchmark Average_B19013B_001E_2007,01/01/2007 12:00:00 AM,2007,Benchmark Average,Median household income in the past 12 months (Black or African American Alone Householder),28294,B19013B_001E,HD01_VD01,B19013B. Median Household Income (Black or African American Alone Householder)
Benchmark Average_B19013B_001E_2008,01/01/2008 12:00:00 AM,2008,Benchmark Average,Median household income in the past 12 months (Black or African American Alone Householder),30298,B19013B_001E,HD01_VD01,B19013B. Median Household Income (Black or African American Alone Householder)
Benchmark Average_B19013B_001E_2010,01/01/2010 12:00:00 AM,2010,Benchmark Average,Median household income in the past 12 months (Black or African American Alone Householder),28070,B19013B_001E,HD01_VD01,B19013B. Median Household Income (Black or African American Alone Householder)
Benchmark Average_B19013B_001E_2009,01/01/2009 12:00:00 AM,2009,Benchmark Average,Median household income in the past 12 months (Black or African American Alone Householder),27614,B19013B_001E,HD01_VD01,B19013B. Median Household Income (Black or African American Alone Householder)
Benchmark Average_B19013H_001E_2011,01/01/2011 12:00:00 AM,2011,Benchmark Average,"Median household income in the past 12 months (White Alone, Not Hispanic or Latino Householder)",57767,B19013H_001E,HD01_VD01,"B19013H. Median Household Income (White Alone, Not Hispanic or Latino Householder)"
Benchmark Average_B19013H_001E_2007,01/01/2007 12:00:00 AM,2007,Benchmark Average,"Median household income in the past 12 months (White Alone, Not Hispanic or Latino Householder)",57358,B19013H_001E,HD01_VD01,"B19013H. Median Household Income (White Alone, Not Hispanic or Latino Householder)"
Benchmark Average_B19013H_001E_2010,01/01/2010 12:00:00 AM,2010,Benchmark Average,"Median household income in the past 12 months (White Alone, Not Hispanic or Latino Householder)",56109,B19013H_001E,HD01_VD01,"B19013H. Median Household Income (White Alone, Not Hispanic or Latino Householder)"
Benchmark Average_B19013H_001E_2009,01/01/2009 12:00:00 AM,2009,Benchmark Average,"Median household income in the past 12 months (White Alone, Not Hispanic or Latino Householder)",57985,B19013H_001E,HD01_VD01,"B19013H. Median Household Income (White Alone, Not Hispanic or Latino Householder)"
Benchmark Average_B19013H_001E_2008,01/01/2008 12:00:00 AM,2008,Benchmark Average,"Median household income in the past 12 months (White Alone, Not Hispanic or Latino Householder)",59578,B19013H_001E,HD01_VD01,"B19013H. Median Household Income (White Alone, Not Hispanic or Latino Householder)"
"New Orleans, LA_B19013B_001E_2012",01/01/2012 12:00:00 AM,2012,"New Orleans, LA",Median household income in the past 12 months (Black or African American Alone Householder),23213,B19013B_001E,HD01_VD01,B19013B. Median Household Income (Black or African American Alone Householder)
"New Orleans, LA_B19013_001E_2012",01/01/2012 12:00:00 AM,2012,"New Orleans, LA",Median household income in the past 12 months (All householders),34361,B19013_001E,HD01_VD01,B19013. Median Household Income
"New Orleans, LA_B19013H_001E_2012",01/01/2012 12:00:00 AM,2012,"New Orleans, LA","Median household income in the past 12 months (White Alone, Not Hispanic or Latino Householder)",61796,B19013H_001E,HD01_VD01,"B19013H. Median Household Income (White Alone, Not Hispanic or Latino Householder)"
"Baton Rouge, LA_B19013_001E_2012",01/01/2012 12:00:00 AM,2012,"Baton Rouge, LA",Median household income in the past 12 months (All householders),38806,B19013_001E,HD01_VD01,B19013. Median Household Income
"Baton Rouge, LA_B19013H_001E_2012",01/01/2012 12:00:00 AM,2012,"Baton Rouge, LA","Median household income in the past 12 months (White Alone, Not Hispanic or Latino Householder)",58603,B19013H_001E,HD01_VD01,"B19013H. Median Household Income (White Alone, Not Hispanic or Latino Householder)"
"Baton Rouge, LA_B19013B_001E_2012",01/01/2012 12:00:00 AM,2012,"Baton Rouge, LA",Median household income in the past 12 months (Black or African American Alone Householder),28582,B19013B_001E,HD01_VD01,B19013B. Median Household Income (Black or African American Alone Householder)
"Atlanta, GA_B19013_001E_2012",01/01/2012 12:00:00 AM,2012,"Atlanta, GA",Median household income in the past 12 months (All householders),46466,B19013_001E,HD01_VD01,B19013. Median Household Income
"Atlanta, GA_B19013H_001E_2012",01/01/2012 12:00:00 AM,2012,"Atlanta, GA","Median household income in the past 12 months (White Alone, Not Hispanic or Latino Householder)",80789,B19013H_001E,HD01_VD01,"B19013H. Median Household Income (White Alone, Not Hispanic or Latino Householder)"
"New Orleans, LA_B19013_001E_2013",01/01/2013 12:00:00 AM,2013,"New Orleans, LA",Median household income in the past 12 months (All householders),36631,B19013_001E,HD01_VD01,B19013. Median Household Income
"Atlanta, GA_B19013B_001E_2012",01/01/2012 12:00:00 AM,2012,"Atlanta, GA",Median household income in the past 12 months (Black or African American Alone Householder),27192,B19013B_001E,HD01_VD01,B19013B. Median Household Income (Black or African American Alone Householder)
"Nashville, TN_B19013_001E_2012",01/01/2012 12:00:00 AM,2012,"Nashville, TN",Median household income in the past 12 months (All householders),43399,B19013_001E,HD01_VD01,B19013. Median Household Income
"Nashville, TN_B19013H_001E_2012",01/01/2012 12:00:00 AM,2012,"Nashville, TN","Median household income in the past 12 months (White Alone, Not Hispanic or Latino Householder)",51655,B19013H_001E,HD01_VD01,"B19013H. Median Household Income (White Alone, Not Hispanic or Latino Householder)"
"Nashville, TN_B19013B_001E_2012",01/01/2012 12:00:00 AM,2012,"Nashville, TN",Median household income in the past 12 months (Black or African American Alone Householder),31633,B19013B_001E,HD01_VD01,B19013B. Median Household Income (Black or African American Alone Householder)
"Louisville, KY_B19013_001E_2012",01/01/2012 12:00:00 AM,2012,"Louisville, KY",Median household income in the past 12 months (All householders),43035,B19013_001E,HD01_VD01,B19013. Median Household Income
"Louisville, KY_B19013H_001E_2012",01/01/2012 12:00:00 AM,2012,"Louisville, KY","Median household income in the past 12 months (White Alone, Not Hispanic or Latino Householder)",49605,B19013H_001E,HD01_VD01,"B19013H. Median Household Income (White Alone, Not Hispanic or Latino Householder)"
"Louisville, KY_B19013B_001E_2012",01/01/2012 12:00:00 AM,2012,"Louisville, KY",Median household income in the past 12 months (Black or African American Alone Householder),26356,B19013B_001E,HD01_VD01,B19013B. Median Household Income (Black or African American Alone Householder)
"Memphis, TN_B19013_001E_2012",01/01/2012 12:00:00 AM,2012,"Memphis, TN",Median household income in the past 12 months (All householders),33563,B19013_001E,HD01_VD01,B19013. Median Household Income
"Memphis, TN_B19013H_001E_2012",01/01/2012 12:00:00 AM,2012,"Memphis, TN","Median household income in the past 12 months (White Alone, Not Hispanic or Latino Householder)",52102,B19013H_001E,HD01_VD01,"B19013H. Median Household Income (White Alone, Not Hispanic or Latino Householder)"
"Memphis, TN_B19013B_001E_2012",01/01/2012 12:00:00 AM,2012,"Memphis, TN",Median household income in the past 12 months (Black or African American Alone Householder),27814,B19013B_001E,HD01_VD01,B19013B. Median Household Income (Black or African American Alone Householder)
"Miami, FL_B19013_001E_2012",01/01/2012 12:00:00 AM,2012,"Miami, FL",Median household income in the past 12 months (All householders),28301,B19013_001E,HD01_VD01,B19013. Median Household Income
"Miami, FL_B19013H_001E_2012",01/01/2012 12:00:00 AM,2012,"Miami, FL","Median household income in the past 12 months (White Alone, Not Hispanic or Latino Householder)",62009,B19013H_001E,HD01_VD01,"B19013H. Median Household Income (White Alone, Not Hispanic or Latino Householder)"
"Miami, FL_B19013B_001E_2012",01/01/2012 12:00:00 AM,2012,"Miami, FL",Median household income in the past 12 months (Black or African American Alone Householder),19716,B19013B_001E,HD01_VD01,B19013B. Median Household Income (Black or African American Alone Householder)
"Oklahoma City, OK_B19013_001E_2012",01/01/2012 12:00:00 AM,2012,"Oklahoma City, OK",Median household income in the past 12 months (All householders),43352,B19013_001E,HD01_VD01,B19013. Median Household Income
"Oklahoma City, OK_B19013H_001E_2012",01/01/2012 12:00:00 AM,2012,"Oklahoma City, OK","Median household income in the past 12 months (White Alone, Not Hispanic or Latino Householder)",53012,B19013H_001E,HD01_VD01,"B19013H. Median Household Income (White Alone, Not Hispanic or Latino Householder)"
"Oklahoma City, OK_B19013B_001E_2012",01/01/2012 12:00:00 AM,2012,"Oklahoma City, OK",Median household income in the past 12 months (Black or African American Alone Householder),27240,B19013B_001E,HD01_VD01,B19013B. Median Household Income (Black or African American Alone Householder)
"Raleigh, NC_B19013_001E_2012",01/01/2012 12:00:00 AM,2012,"Raleigh, NC",Median household income in the past 12 months (All householders),53653,B19013_001E,HD01_VD01,B19013. Median Household Income
"Raleigh, NC_B19013H_001E_2012",01/01/2012 12:00:00 AM,2012,"Raleigh, NC","Median household income in the past 12 months (White Alone, Not Hispanic or Latino Householder)",65903,B19013H_001E,HD01_VD01,"B19013H. Median Household Income (White Alone, Not Hispanic or Latino Householder)"
"Raleigh, NC_B19013B_001E_2012",01/01/2012 12:00:00 AM,2012,"Raleigh, NC",Median household income in the past 12 months (Black or African American Alone Householder),36397,B19013B_001E,HD01_VD01,B19013B. Median Household Income (Black or African American Alone Householder)
Tampa. FL_B19013_001E_2012,01/01/2012 12:00:00 AM,2012,Tampa. FL,Median household income in the past 12 months (All householders),40894,B19013_001E,HD01_VD01,B19013. Median Household Income
Tampa. FL_B19013H_001E_2012,01/01/2012 12:00:00 AM,2012,Tampa. FL,"Median household income in the past 12 months (White Alone, Not Hispanic or Latino Householder)",58878,B19013H_001E,HD01_VD01,"B19013H. Median Household Income (White Alone, Not Hispanic or Latino Householder)"
Tampa. FL_B19013B_001E_2012,01/01/2012 12:00:00 AM,2012,Tampa. FL,Median household income in the past 12 months (Black or African American Alone Householder),23770,B19013B_001E,HD01_VD01,B19013B. Median Household Income (Black or African American Alone Householder)
"New Orleans, LA_B19013H_001E_2013",01/01/2013 12:00:00 AM,2013,"New Orleans, LA","Median household income in the past 12 months (White Alone, Not Hispanic or Latino Householder)",60553,B19013H_001E,HD01_VD01,"B19013H. Median Household Income (White Alone, Not Hispanic or Latino Householder)"
"New Orleans, LA_B19013B_001E_2013",01/01/2013 12:00:00 AM,2013,"New Orleans, LA",Median household income in the past 12 months (Black or African American Alone Householder),25102,B19013B_001E,HD01_VD01,B19013B. Median Household Income (Black or African American Alone Householder)
"Baton Rouge, LA_B19013_001E_2013",01/01/2013 12:00:00 AM,2013,"Baton Rouge, LA",Median household income in the past 12 months (All householders),38321,B19013_001E,HD01_VD01,B19013. Median Household Income
"Baton Rouge, LA_B19013H_001E_2013",01/01/2013 12:00:00 AM,2013,"Baton Rouge, LA","Median household income in the past 12 months (White Alone, Not Hispanic or Latino Householder)",60338,B19013H_001E,HD01_VD01,"B19013H. Median Household Income (White Alone, Not Hispanic or Latino Householder)"
"Baton Rouge, LA_B19013B_001E_2013",01/01/2013 12:00:00 AM,2013,"Baton Rouge, LA",Median household income in the past 12 months (Black or African American Alone Householder),27662,B19013B_001E,HD01_VD01,B19013B. Median Household Income (Black or African American Alone Householder)
"Atlanta, GA_B19013_001E_2013",01/01/2013 12:00:00 AM,2013,"Atlanta, GA",Median household income in the past 12 months (All householders),46485,B19013_001E,HD01_VD01,B19013. Median Household Income
"Atlanta, GA_B19013H_001E_2013",01/01/2013 12:00:00 AM,2013,"Atlanta, GA","Median household income in the past 12 months (White Alone, Not Hispanic or Latino Householder)",82535,B19013H_001E,HD01_VD01,"B19013H. Median Household Income (White Alone, Not Hispanic or Latino Householder)"
"Atlanta, GA_B19013B_001E_2013",01/01/2013 12:00:00 AM,2013,"Atlanta, GA",Median household income in the past 12 months (Black or African American Alone Householder),25384,B19013B_001E,HD01_VD01,B19013B. Median Household Income (Black or African American Alone Householder)
"Nashville, TN_B19013_001E_2013",01/01/2013 12:00:00 AM,2013,"Nashville, TN",Median household income in the past 12 months (All householders),46803,B19013_001E,HD01_VD01,B19013. Median Household Income
"Nashville, TN_B19013H_001E_2013",01/01/2013 12:00:00 AM,2013,"Nashville, TN","Median household income in the past 12 months (White Alone, Not Hispanic or Latino Householder)",55295,B19013H_001E,HD01_VD01,"B19013H. Median Household Income (White Alone, Not Hispanic or Latino Householder)"
"Nashville, TN_B19013B_001E_2013",01/01/2013 12:00:00 AM,2013,"Nashville, TN",Median household income in the past 12 months (Black or African American Alone Householder),36116,B19013B_001E,HD01_VD01,B19013B. Median Household Income (Black or African American Alone Householder)
"Louisville, KY_B19013_001E_2013",01/01/2013 12:00:00 AM,2013,"Louisville, KY",Median household income in the past 12 months (All householders),44893,B19013_001E,HD01_VD01,B19013. Median Household Income
"Louisville, KY_B19013H_001E_2013",01/01/2013 12:00:00 AM,2013,"Louisville, KY","Median household income in the past 12 months (White Alone, Not Hispanic or Latino Householder)",51652,B19013H_001E,HD01_VD01,"B19013H. Median Household Income (White Alone, Not Hispanic or Latino Householder)"
"Louisville, KY_B19013B_001E_2013",01/01/2013 12:00:00 AM,2013,"Louisville, KY",Median household income in the past 12 months (Black or African American Alone Householder),27277,B19013B_001E,HD01_VD01,B19013B. Median Household Income (Black or African American Alone Householder)
"Memphis, TN_B19013_001E_2013",01/01/2013 12:00:00 AM,2013,"Memphis, TN",Median household income in the past 12 months (All householders),36722,B19013_001E,HD01_VD01,B19013. Median Household Income
"Memphis, TN_B19013H_001E_2013",01/01/2013 12:00:00 AM,2013,"Memphis, TN","Median household income in the past 12 months (White Alone, Not Hispanic or Latino Householder)",57183,B19013H_001E,HD01_VD01,"B19013H. Median Household Income (White Alone, Not Hispanic or Latino Householder)"
"Memphis, TN_B19013B_001E_2013",01/01/2013 12:00:00 AM,2013,"Memphis, TN",Median household income in the past 12 months (Black or African American Alone Householder),28956,B19013B_001E,HD01_VD01,B19013B. Median Household Income (Black or African American Alone Householder)
"Miami, FL_B19013_001E_2013",01/01/2013 12:00:00 AM,2013,"Miami, FL",Median household income in the past 12 months (All householders),31070,B19013_001E,HD01_VD01,B19013. Median Household Income
"Miami, FL_B19013H_001E_2013",01/01/2013 12:00:00 AM,2013,"Miami, FL","Median household income in the past 12 months (White Alone, Not Hispanic or Latino Householder)",71479,B19013H_001E,HD01_VD01,"B19013H. Median Household Income (White Alone, Not Hispanic or Latino Householder)"
"New Orleans, LA_B19013_001E_2014",01/01/2014 12:00:00 AM,2014,"New Orleans, LA",Median household income in the past 12 months (All householders),35504,B19013_001E,HD01_VD01,B19013. Median Household Income
"New Orleans, LA_B19013H_001E_2014",01/01/2014 12:00:00 AM,2014,"New Orleans, LA","Median household income in the past 12 months (White Alone, Not Hispanic or Latino Householder)",67824,B19013H_001E,HD01_VD01,"B19013H. Median Household Income (White Alone, Not Hispanic or Latino Householder)"
"New Orleans, LA_B19013B_001E_2014",01/01/2014 12:00:00 AM,2014,"New Orleans, LA",Median household income in the past 12 months (Black or African American Alone Householder),24065,B19013B_001E,HD01_VD01,B19013B. Median Household Income (Black or African American Alone Householder)
"Baton Rouge, LA_B19013_001E_2014",01/01/2014 12:00:00 AM,2014,"Baton Rouge, LA",Median household income in the past 12 months (All householders),38085,B19013_001E,HD01_VD01,B19013. Median Household Income
"Baton Rouge, LA_B19013H_001E_2014",01/01/2014 12:00:00 AM,2014,"Baton Rouge, LA","Median household income in the past 12 months (White Alone, Not Hispanic or Latino Householder)",54189,B19013H_001E,HD01_VD01,"B19013H. Median Household Income (White Alone, Not Hispanic or Latino Householder)"
"Baton Rouge, LA_B19013B_001E_2014",01/01/2014 12:00:00 AM,2014,"Baton Rouge, LA",Median household income in the past 12 months (Black or African American Alone Householder),29854,B19013B_001E,HD01_VD01,B19013B. Median Household Income (Black or African American Alone Householder)
"Atlanta, GA_B19013_001E_2014",01/01/2014 12:00:00 AM,2014,"Atlanta, GA",Median household income in the past 12 months (All householders),46777,B19013_001E,HD01_VD01,B19013. Median Household Income
"Atlanta, GA_B19013H_001E_2014",01/01/2014 12:00:00 AM,2014,"Atlanta, GA","Median household income in the past 12 months (White Alone, Not Hispanic or Latino Householder)",81344,B19013H_001E,HD01_VD01,"B19013H. Median Household Income (White Alone, Not Hispanic or Latino Householder)"
"Atlanta, GA_B19013B_001E_2014",01/01/2014 12:00:00 AM,2014,"Atlanta, GA",Median household income in the past 12 months (Black or African American Alone Householder),26800,B19013B_001E,HD01_VD01,B19013B. Median Household Income (Black or African American Alone Householder)
"Nashville, TN_B19013_001E_2014",01/01/2014 12:00:00 AM,2014,"Nashville, TN",Median household income in the past 12 months (All householders),47211,B19013_001E,HD01_VD01,B19013. Median Household Income
"Nashville, TN_B19013H_001E_2014",01/01/2014 12:00:00 AM,2014,"Nashville, TN","Median household income in the past 12 months (White Alone, Not Hispanic or Latino Householder)",56919,B19013H_001E,HD01_VD01,"B19013H. Median Household Income (White Alone, Not Hispanic or Latino Householder)"
"Nashville, TN_B19013B_001E_2014",01/01/2014 12:00:00 AM,2014,"Nashville, TN",Median household income in the past 12 months (Black or African American Alone Householder),31710,B19013B_001E,HD01_VD01,B19013B. Median Household Income (Black or African American Alone Householder)
"Louisville, KY_B19013_001E_2014",01/01/2014 12:00:00 AM,2014,"Louisville, KY",Median household income in the past 12 months (All householders),45503,B19013_001E,HD01_VD01,B19013. Median Household Income
"Louisville, KY_B19013H_001E_2014",01/01/2014 12:00:00 AM,2014,"Louisville, KY","Median household income in the past 12 months (White Alone, Not Hispanic or Latino Householder)",52155,B19013H_001E,HD01_VD01,"B19013H. Median Household Income (White Alone, Not Hispanic or Latino Householder)"
"Louisville, KY_B19013B_001E_2014",01/01/2014 12:00:00 AM,2014,"Louisville, KY",Median household income in the past 12 months (Black or African American Alone Householder),27140,B19013B_001E,HD01_VD01,B19013B. Median Household Income (Black or African American Alone Householder)
"Memphis, TN_B19013_001E_2014",01/01/2014 12:00:00 AM,2014,"Memphis, TN",Median household income in the past 12 months (All householders),34704,B19013_001E,HD01_VD01,B19013. Median Household Income
"Memphis, TN_B19013H_001E_2014",01/01/2014 12:00:00 AM,2014,"Memphis, TN","Median household income in the past 12 months (White Alone, Not Hispanic or Latino Householder)",53492,B19013H_001E,HD01_VD01,"B19013H. Median Household Income (White Alone, Not Hispanic or Latino Householder)"
"Memphis, TN_B19013B_001E_2014",01/01/2014 12:00:00 AM,2014,"Memphis, TN",Median household income in the past 12 months (Black or African American Alone Householder),27653,B19013B_001E,HD01_VD01,B19013B. Median Household Income (Black or African American Alone Householder)
"Miami, FL_B19013_001E_2014",01/01/2014 12:00:00 AM,2014,"Miami, FL",Median household income in the past 12 months (All householders),31917,B19013_001E,HD01_VD01,B19013. Median Household Income
"Miami, FL_B19013H_001E_2014",01/01/2014 12:00:00 AM,2014,"Miami, FL","Median household income in the past 12 months (White Alone, Not Hispanic or Latino Householder)",76365,B19013H_001E,HD01_VD01,"B19013H. Median Household Income (White Alone, Not Hispanic or Latino Householder)"
"Miami, FL_B19013B_001E_2014",01/01/2014 12:00:00 AM,2014,"Miami, FL",Median household income in the past 12 months (Black or African American Alone Householder),23472,B19013B_001E,HD01_VD01,B19013B. Median Household Income (Black or African American Alone Householder)
"Oklahoma City, OK_B19013_001E_2014",01/01/2014 12:00:00 AM,2014,"Oklahoma City, OK",Median household income in the past 12 months (All householders),49119,B19013_001E,HD01_VD01,B19013. Median Household Income
"Oklahoma City, OK_B19013H_001E_2014",01/01/2014 12:00:00 AM,2014,"Oklahoma City, OK","Median household income in the past 12 months (White Alone, Not Hispanic or Latino Householder)",58031,B19013H_001E,HD01_VD01,"B19013H. Median Household Income (White Alone, Not Hispanic or Latino Householder)"
"Oklahoma City, OK_B19013B_001E_2014",01/01/2014 12:00:00 AM,2014,"Oklahoma City, OK",Median household income in the past 12 months (Black or African American Alone Householder),30602,B19013B_001E,HD01_VD01,B19013B. Median Household Income (Black or African American Alone Householder)
"Raleigh, NC_B19013_001E_2014",01/01/2014 12:00:00 AM,2014,"Raleigh, NC",Median household income in the past 12 months (All householders),53475,B19013_001E,HD01_VD01,B19013. Median Household Income
"Raleigh, NC_B19013H_001E_2014",01/01/2014 12:00:00 AM,2014,"Raleigh, NC","Median household income in the past 12 months (White Alone, Not Hispanic or Latino Householder)",71092,B19013H_001E,HD01_VD01,"B19013H. Median Household Income (White Alone, Not Hispanic or Latino Householder)"
"Raleigh, NC_B19013B_001E_2014",01/01/2014 12:00:00 AM,2014,"Raleigh, NC",Median household income in the past 12 months (Black or African American Alone Householder),37276,B19013B_001E,HD01_VD01,B19013B. Median Household Income (Black or African American Alone Householder)
Tampa. FL_B19013_001E_2014,01/01/2014 12:00:00 AM,2014,Tampa. FL,Median household income in the past 12 months (All householders),45709,B19013_001E,HD01_VD01,B19013. Median Household Income
Tampa. FL_B19013H_001E_2014,01/01/2014 12:00:00 AM,2014,Tampa. FL,"Median household income in the past 12 months (White Alone, Not Hispanic or Latino Householder)",58284,B19013H_001E,HD01_VD01,"B19013H. Median Household Income (White Alone, Not Hispanic or Latino Householder)"
Tampa. FL_B19013B_001E_2014,01/01/2014 12:00:00 AM,2014,Tampa. FL,Median household income in the past 12 months (Black or African American Alone Householder),27457,B19013B_001E,HD01_VD01,B19013B. Median Household Income (Black or African American Alone Householder)
Benchmark Average_B19013_001E_2014,01/01/2014 12:00:00 AM,2014,Benchmark Average,Median household income in the past 12 months (All householders),43611,B19013_001E,HD01_VD01,B19013. Median Household Income
Benchmark Average_B19013B_001E_2014,01/01/2014 12:00:00 AM,2014,Benchmark Average,Median household income in the past 12 months (Black or African American Alone Householder),29107,B19013B_001E,HD01_VD01,B19013B. Median Household Income (Black or African American Alone Householder)
Benchmark Average_B19013H_001E_2014,01/01/2014 12:00:00 AM,2014,Benchmark Average,"Median household income in the past 12 months (White Alone, Not Hispanic or Latino Householder)",62430,B19013H_001E,HD01_VD01,"B19013H. Median Household Income (White Alone, Not Hispanic or Latino Householder)"
"Miami, FL_B19013B_001E_2013",01/01/2013 12:00:00 AM,2013,"Miami, FL",Median household income in the past 12 months (Black or African American Alone Householder),20198,B19013B_001E,HD01_VD01,B19013B. Median Household Income (Black or African American Alone Householder)
"Oklahoma City, OK_B19013_001E_2013",01/01/2013 12:00:00 AM,2013,"Oklahoma City, OK",Median household income in the past 12 months (All householders),46232,B19013_001E,HD01_VD01,B19013. Median Household Income
"Oklahoma City, OK_B19013H_001E_2013",01/01/2013 12:00:00 AM,2013,"Oklahoma City, OK","Median household income in the past 12 months (White Alone, Not Hispanic or Latino Householder)",55219,B19013H_001E,HD01_VD01,"B19013H. Median Household Income (White Alone, Not Hispanic or Latino Householder)"
"Oklahoma City, OK_B19013B_001E_2013",01/01/2013 12:00:00 AM,2013,"Oklahoma City, OK",Median household income in the past 12 months (Black or African American Alone Householder),32505,B19013B_001E,HD01_VD01,B19013B. Median Household Income (Black or African American Alone Householder)
"Raleigh, NC_B19013_001E_2013",01/01/2013 12:00:00 AM,2013,"Raleigh, NC",Median household income in the past 12 months (All householders),55170,B19013_001E,HD01_VD01,B19013. Median Household Income
"Raleigh, NC_B19013H_001E_2013",01/01/2013 12:00:00 AM,2013,"Raleigh, NC","Median household income in the past 12 months (White Alone, Not Hispanic or Latino Householder)",69101,B19013H_001E,HD01_VD01,"B19013H. Median Household Income (White Alone, Not Hispanic or Latino Householder)"
"Raleigh, NC_B19013B_001E_2013",01/01/2013 12:00:00 AM,2013,"Raleigh, NC",Median household income in the past 12 months (Black or African American Alone Householder),42862,B19013B_001E,HD01_VD01,B19013B. Median Household Income (Black or African American Alone Householder)
Tampa. FL_B19013_001E_2013,01/01/2013 12:00:00 AM,2013,Tampa. FL,Median household income in the past 12 months (All householders),42649,B19013_001E,HD01_VD01,B19013. Median Household Income
Tampa. FL_B19013H_001E_2013,01/01/2013 12:00:00 AM,2013,Tampa. FL,"Median household income in the past 12 months (White Alone, Not Hispanic or Latino Householder)",61174,B19013H_001E,HD01_VD01,"B19013H. Median Household Income (White Alone, Not Hispanic or Latino Householder)"
Tampa. FL_B19013B_001E_2013,01/01/2013 12:00:00 AM,2013,Tampa. FL,Median household income in the past 12 months (Black or African American Alone Householder),26127,B19013B_001E,HD01_VD01,B19013B. Median Household Income (Black or African American Alone Householder)
Benchmark Average_B19013B_001E_2012,01/01/2012 12:00:00 AM,2012,Benchmark Average,Median household income in the past 12 months (Black or African American Alone Householder),27633,B19013B_001E,HD01_VD01,B19013B. Median Household Income (Black or African American Alone Householder)
Benchmark Average_B19013H_001E_2012,01/01/2012 12:00:00 AM,2012,Benchmark Average,"Median household income in the past 12 months (White Alone, Not Hispanic or Latino Householder)",59173,B19013H_001E,HD01_VD01,"B19013H. Median Household Income (White Alone, Not Hispanic or Latino Householder)"
Benchmark Average_B19013B_001E_2013,01/01/2013 12:00:00 AM,2013,Benchmark Average,Median household income in the past 12 months (Black or African American Alone Householder),29676,B19013B_001E,HD01_VD01,B19013B. Median Household Income (Black or African American Alone Householder)
Benchmark Average_B19013_001E_2012,01/01/2012 12:00:00 AM,2012,Benchmark Average,Median household income in the past 12 months (All householders),41274,B19013_001E,HD01_VD01,B19013. Median Household Income
Benchmark Average_B19013H_001E_2013,01/01/2013 12:00:00 AM,2013,Benchmark Average,"Median household income in the past 12 months (White Alone, Not Hispanic or Latino Householder)",62664,B19013H_001E,HD01_VD01,"B19013H. Median Household Income (White Alone, Not Hispanic or Latino Householder)"
Benchmark Average_B19013_001E_2013,01/01/2013 12:00:00 AM,2013,Benchmark Average,Median household income in the past 12 months (All householders),43149,B19013_001E,HD01_VD01,B19013. Median Household Income
"New Orleans, LA_B19013_001E_2007",01/01/2007 12:00:00 AM,2007,"New Orleans, LA",Median household income in the past 12 months (All householders),38614,B19013_001E,HD01_VD01,B19013. Median Household Income
